﻿{"data":[{"Properties":{"domain":"OSCP.EXAM","name":"KRBTGT@OSCP.EXAM","distinguishedname":"CN=KRBTGT,CN=USERS,DC=OSCP,DC=EXAM","domainsid":"S-1-5-21-2610934713-1581164095-2706428072","highvalue":false,"samaccountname":"krbtgt","description":"Key Distribution Center Service Account","whencreated":1648194238,"sensitive":false,"dontreqpreauth":false,"passwordnotreqd":false,"unconstraineddelegation":false,"pwdneverexpires":false,"enabled":false,"trustedtoauth":false,"lastlogon":0,"lastlogontimestamp":-1,"pwdlastset":1648219438,"serviceprincipalnames":["kadmin/changepw"],"hasspn":true,"displayname":null,"email":null,"title":null,"homedirectory":null,"userpassword":null,"unixpassword":null,"unicodepassword":null,"sfupassword":null,"logonscript":null,"admincount":true,"sidhistory":[]},"AllowedToDelegate":[],"PrimaryGroupSID":"S-1-5-21-2610934713-1581164095-2706428072-513","HasSIDHistory":[],"SPNTargets":[],"Aces":[{"PrincipalSID":"S-1-5-21-2610934713-1581164095-2706428072-512","PrincipalType":"Group","RightName":"Owns","IsInherited":false},{"PrincipalSID":"OSCP.EXAM-S-1-5-32-544","PrincipalType":"Group","RightName":"WriteDacl","IsInherited":false},{"PrincipalSID":"OSCP.EXAM-S-1-5-32-544","PrincipalType":"Group","RightName":"WriteOwner","IsInherited":false},{"PrincipalSID":"OSCP.EXAM-S-1-5-32-544","PrincipalType":"Group","RightName":"AllExtendedRights","IsInherited":false},{"PrincipalSID":"OSCP.EXAM-S-1-5-32-544","PrincipalType":"Group","RightName":"GenericWrite","IsInherited":false},{"PrincipalSID":"S-1-5-21-2610934713-1581164095-2706428072-512","PrincipalType":"Group","RightName":"WriteDacl","IsInherited":false},{"PrincipalSID":"S-1-5-21-2610934713-1581164095-2706428072-512","PrincipalType":"Group","RightName":"WriteOwner","IsInherited":false},{"PrincipalSID":"S-1-5-21-2610934713-1581164095-2706428072-512","PrincipalType":"Group","RightName":"AllExtendedRights","IsInherited":false},{"PrincipalSID":"S-1-5-21-2610934713-1581164095-2706428072-512","PrincipalType":"Group","RightName":"GenericWrite","IsInherited":false},{"PrincipalSID":"S-1-5-21-2610934713-1581164095-2706428072-519","PrincipalType":"Group","RightName":"WriteDacl","IsInherited":false},{"PrincipalSID":"S-1-5-21-2610934713-1581164095-2706428072-519","PrincipalType":"Group","RightName":"WriteOwner","IsInherited":false},{"PrincipalSID":"S-1-5-21-2610934713-1581164095-2706428072-519","PrincipalType":"Group","RightName":"AllExtendedRights","IsInherited":false},{"PrincipalSID":"S-1-5-21-2610934713-1581164095-2706428072-519","PrincipalType":"Group","RightName":"GenericWrite","IsInherited":false}],"ObjectIdentifier":"S-1-5-21-2610934713-1581164095-2706428072-502","IsDeleted":false,"IsACLProtected":true},{"Properties":{"domain":"OSCP.EXAM","name":"LEONARD.MORRIS@OSCP.EXAM","distinguishedname":"CN=LEONARD MORRIS,OU=ADMIN,DC=OSCP,DC=EXAM","domainsid":"S-1-5-21-2610934713-1581164095-2706428072","highvalue":false,"samaccountname":"Leonard.Morris","description":null,"whencreated":1649132557,"sensitive":false,"dontreqpreauth":false,"passwordnotreqd":true,"unconstraineddelegation":false,"pwdneverexpires":true,"enabled":true,"trustedtoauth":false,"lastlogon":0,"lastlogontimestamp":-1,"pwdlastset":1649157758,"serviceprincipalnames":[],"hasspn":false,"displayname":"Leonard Morris","email":null,"title":null,"homedirectory":null,"userpassword":null,"unixpassword":null,"unicodepassword":null,"sfupassword":null,"logonscript":null,"admincount":false,"sidhistory":[]},"AllowedToDelegate":[],"PrimaryGroupSID":"S-1-5-21-2610934713-1581164095-2706428072-513","HasSIDHistory":[],"SPNTargets":[],"Aces":[{"PrincipalSID":"S-1-5-21-2610934713-1581164095-2706428072-512","PrincipalType":"Group","RightName":"Owns","IsInherited":false},{"PrincipalSID":"OSCP.EXAM-S-1-5-32-548","PrincipalType":"Group","RightName":"GenericAll","IsInherited":false},{"PrincipalSID":"S-1-5-21-2610934713-1581164095-2706428072-512","PrincipalType":"Group","RightName":"GenericAll","IsInherited":false},{"PrincipalSID":"S-1-5-21-2610934713-1581164095-2706428072-526","PrincipalType":"Group","RightName":"AddKeyCredentialLink","IsInherited":true},{"PrincipalSID":"S-1-5-21-2610934713-1581164095-2706428072-527","PrincipalType":"Group","RightName":"AddKeyCredentialLink","IsInherited":true},{"PrincipalSID":"S-1-5-21-2610934713-1581164095-2706428072-519","PrincipalType":"Group","RightName":"GenericAll","IsInherited":true},{"PrincipalSID":"OSCP.EXAM-S-1-5-32-544","PrincipalType":"Group","RightName":"WriteDacl","IsInherited":true},{"PrincipalSID":"OSCP.EXAM-S-1-5-32-544","PrincipalType":"Group","RightName":"WriteOwner","IsInherited":true},{"PrincipalSID":"OSCP.EXAM-S-1-5-32-544","PrincipalType":"Group","RightName":"AllExtendedRights","IsInherited":true},{"PrincipalSID":"OSCP.EXAM-S-1-5-32-544","PrincipalType":"Group","RightName":"GenericWrite","IsInherited":true}],"ObjectIdentifier":"S-1-5-21-2610934713-1581164095-2706428072-1602","IsDeleted":false,"IsACLProtected":false},{"Properties":{"domain":"OSCP.EXAM","name":"SANDRA.CRAIG@OSCP.EXAM","distinguishedname":"CN=SANDRA CRAIG,OU=ADMIN,DC=OSCP,DC=EXAM","domainsid":"S-1-5-21-2610934713-1581164095-2706428072","highvalue":false,"samaccountname":"Sandra.Craig","description":null,"whencreated":1649132558,"sensitive":false,"dontreqpreauth":false,"passwordnotreqd":true,"unconstraineddelegation":false,"pwdneverexpires":true,"enabled":true,"trustedtoauth":false,"lastlogon":0,"lastlogontimestamp":-1,"pwdlastset":1649157758,"serviceprincipalnames":[],"hasspn":false,"displayname":"Sandra Craig","email":null,"title":null,"homedirectory":null,"userpassword":null,"unixpassword":null,"unicodepassword":null,"sfupassword":null,"logonscript":null,"admincount":false,"sidhistory":[]},"AllowedToDelegate":[],"PrimaryGroupSID":"S-1-5-21-2610934713-1581164095-2706428072-513","HasSIDHistory":[],"SPNTargets":[],"Aces":[{"PrincipalSID":"S-1-5-21-2610934713-1581164095-2706428072-512","PrincipalType":"Group","RightName":"Owns","IsInherited":false},{"PrincipalSID":"OSCP.EXAM-S-1-5-32-548","PrincipalType":"Group","RightName":"GenericAll","IsInherited":false},{"PrincipalSID":"S-1-5-21-2610934713-1581164095-2706428072-512","PrincipalType":"Group","RightName":"GenericAll","IsInherited":false},{"PrincipalSID":"S-1-5-21-2610934713-1581164095-2706428072-526","PrincipalType":"Group","RightName":"AddKeyCredentialLink","IsInherited":true},{"PrincipalSID":"S-1-5-21-2610934713-1581164095-2706428072-527","PrincipalType":"Group","RightName":"AddKeyCredentialLink","IsInherited":true},{"PrincipalSID":"S-1-5-21-2610934713-1581164095-2706428072-519","PrincipalType":"Group","RightName":"GenericAll","IsInherited":true},{"PrincipalSID":"OSCP.EXAM-S-1-5-32-544","PrincipalType":"Group","RightName":"WriteDacl","IsInherited":true},{"PrincipalSID":"OSCP.EXAM-S-1-5-32-544","PrincipalType":"Group","RightName":"WriteOwner","IsInherited":true},{"PrincipalSID":"OSCP.EXAM-S-1-5-32-544","PrincipalType":"Group","RightName":"AllExtendedRights","IsInherited":true},{"PrincipalSID":"OSCP.EXAM-S-1-5-32-544","PrincipalType":"Group","RightName":"GenericWrite","IsInherited":true}],"ObjectIdentifier":"S-1-5-21-2610934713-1581164095-2706428072-1603","IsDeleted":false,"IsACLProtected":false},{"Properties":{"domain":"OSCP.EXAM","name":"CHELSEA.BYRNE@OSCP.EXAM","distinguishedname":"CN=CHELSEA BYRNE,OU=ADMIN,DC=OSCP,DC=EXAM","domainsid":"S-1-5-21-2610934713-1581164095-2706428072","highvalue":false,"samaccountname":"Chelsea.Byrne","description":null,"whencreated":1649132558,"sensitive":false,"dontreqpreauth":false,"passwordnotreqd":true,"unconstraineddelegation":false,"pwdneverexpires":true,"enabled":true,"trustedtoauth":false,"lastlogon":0,"lastlogontimestamp":-1,"pwdlastset":1649157758,"serviceprincipalnames":[],"hasspn":false,"displayname":"Chelsea Byrne","email":null,"title":null,"homedirectory":null,"userpassword":null,"unixpassword":null,"unicodepassword":null,"sfupassword":null,"logonscript":null,"admincount":false,"sidhistory":[]},"AllowedToDelegate":[],"PrimaryGroupSID":"S-1-5-21-2610934713-1581164095-2706428072-513","HasSIDHistory":[],"SPNTargets":[],"Aces":[{"PrincipalSID":"S-1-5-21-2610934713-1581164095-2706428072-512","PrincipalType":"Group","RightName":"Owns","IsInherited":false},{"PrincipalSID":"OSCP.EXAM-S-1-5-32-548","PrincipalType":"Group","RightName":"GenericAll","IsInherited":false},{"PrincipalSID":"S-1-5-21-2610934713-1581164095-2706428072-512","PrincipalType":"Group","RightName":"GenericAll","IsInherited":false},{"PrincipalSID":"S-1-5-21-2610934713-1581164095-2706428072-526","PrincipalType":"Group","RightName":"AddKeyCredentialLink","IsInherited":true},{"PrincipalSID":"S-1-5-21-2610934713-1581164095-2706428072-527","PrincipalType":"Group","RightName":"AddKeyCredentialLink","IsInherited":true},{"PrincipalSID":"S-1-5-21-2610934713-1581164095-2706428072-519","PrincipalType":"Group","RightName":"GenericAll","IsInherited":true},{"PrincipalSID":"OSCP.EXAM-S-1-5-32-544","PrincipalType":"Group","RightName":"WriteDacl","IsInherited":true},{"PrincipalSID":"OSCP.EXAM-S-1-5-32-544","PrincipalType":"Group","RightName":"WriteOwner","IsInherited":true},{"PrincipalSID":"OSCP.EXAM-S-1-5-32-544","PrincipalType":"Group","RightName":"AllExtendedRights","IsInherited":true},{"PrincipalSID":"OSCP.EXAM-S-1-5-32-544","PrincipalType":"Group","RightName":"GenericWrite","IsInherited":true}],"ObjectIdentifier":"S-1-5-21-2610934713-1581164095-2706428072-1604","IsDeleted":false,"IsACLProtected":false},{"Properties":{"domain":"OSCP.EXAM","name":"LUKE.MARTIN@OSCP.EXAM","distinguishedname":"CN=LUKE MARTIN,OU=ADMIN,DC=OSCP,DC=EXAM","domainsid":"S-1-5-21-2610934713-1581164095-2706428072","highvalue":false,"samaccountname":"Luke.Martin","description":null,"whencreated":1649132558,"sensitive":false,"dontreqpreauth":false,"passwordnotreqd":true,"unconstraineddelegation":false,"pwdneverexpires":true,"enabled":true,"trustedtoauth":false,"lastlogon":0,"lastlogontimestamp":-1,"pwdlastset":1649157758,"serviceprincipalnames":[],"hasspn":false,"displayname":"Luke Martin","email":null,"title":null,"homedirectory":null,"userpassword":null,"unixpassword":null,"unicodepassword":null,"sfupassword":null,"logonscript":null,"admincount":false,"sidhistory":[]},"AllowedToDelegate":[],"PrimaryGroupSID":"S-1-5-21-2610934713-1581164095-2706428072-513","HasSIDHistory":[],"SPNTargets":[],"Aces":[{"PrincipalSID":"S-1-5-21-2610934713-1581164095-2706428072-512","PrincipalType":"Group","RightName":"Owns","IsInherited":false},{"PrincipalSID":"OSCP.EXAM-S-1-5-32-548","PrincipalType":"Group","RightName":"GenericAll","IsInherited":false},{"PrincipalSID":"S-1-5-21-2610934713-1581164095-2706428072-512","PrincipalType":"Group","RightName":"GenericAll","IsInherited":false},{"PrincipalSID":"S-1-5-21-2610934713-1581164095-2706428072-526","PrincipalType":"Group","RightName":"AddKeyCredentialLink","IsInherited":true},{"PrincipalSID":"S-1-5-21-2610934713-1581164095-2706428072-527","PrincipalType":"Group","RightName":"AddKeyCredentialLink","IsInherited":true},{"PrincipalSID":"S-1-5-21-2610934713-1581164095-2706428072-519","PrincipalType":"Group","RightName":"GenericAll","IsInherited":true},{"PrincipalSID":"OSCP.EXAM-S-1-5-32-544","PrincipalType":"Group","RightName":"WriteDacl","IsInherited":true},{"PrincipalSID":"OSCP.EXAM-S-1-5-32-544","PrincipalType":"Group","RightName":"WriteOwner","IsInherited":true},{"PrincipalSID":"OSCP.EXAM-S-1-5-32-544","PrincipalType":"Group","RightName":"AllExtendedRights","IsInherited":true},{"PrincipalSID":"OSCP.EXAM-S-1-5-32-544","PrincipalType":"Group","RightName":"GenericWrite","IsInherited":true}],"ObjectIdentifier":"S-1-5-21-2610934713-1581164095-2706428072-1605","IsDeleted":false,"IsACLProtected":false},{"Properties":{"domain":"OSCP.EXAM","name":"DONNA.JOHNSON@OSCP.EXAM","distinguishedname":"CN=DONNA JOHNSON,OU=ADMIN,DC=OSCP,DC=EXAM","domainsid":"S-1-5-21-2610934713-1581164095-2706428072","highvalue":false,"samaccountname":"Donna.Johnson","description":null,"whencreated":1649132558,"sensitive":false,"dontreqpreauth":false,"passwordnotreqd":true,"unconstraineddelegation":false,"pwdneverexpires":true,"enabled":true,"trustedtoauth":false,"lastlogon":0,"lastlogontimestamp":-1,"pwdlastset":1649157759,"serviceprincipalnames":[],"hasspn":false,"displayname":"Donna Johnson","email":null,"title":null,"homedirectory":null,"userpassword":null,"unixpassword":null,"unicodepassword":null,"sfupassword":null,"logonscript":null,"admincount":false,"sidhistory":[]},"AllowedToDelegate":[],"PrimaryGroupSID":"S-1-5-21-2610934713-1581164095-2706428072-513","HasSIDHistory":[],"SPNTargets":[],"Aces":[{"PrincipalSID":"S-1-5-21-2610934713-1581164095-2706428072-512","PrincipalType":"Group","RightName":"Owns","IsInherited":false},{"PrincipalSID":"OSCP.EXAM-S-1-5-32-548","PrincipalType":"Group","RightName":"GenericAll","IsInherited":false},{"PrincipalSID":"S-1-5-21-2610934713-1581164095-2706428072-512","PrincipalType":"Group","RightName":"GenericAll","IsInherited":false},{"PrincipalSID":"S-1-5-21-2610934713-1581164095-2706428072-526","PrincipalType":"Group","RightName":"AddKeyCredentialLink","IsInherited":true},{"PrincipalSID":"S-1-5-21-2610934713-1581164095-2706428072-527","PrincipalType":"Group","RightName":"AddKeyCredentialLink","IsInherited":true},{"PrincipalSID":"S-1-5-21-2610934713-1581164095-2706428072-519","PrincipalType":"Group","RightName":"GenericAll","IsInherited":true},{"PrincipalSID":"OSCP.EXAM-S-1-5-32-544","PrincipalType":"Group","RightName":"WriteDacl","IsInherited":true},{"PrincipalSID":"OSCP.EXAM-S-1-5-32-544","PrincipalType":"Group","RightName":"WriteOwner","IsInherited":true},{"PrincipalSID":"OSCP.EXAM-S-1-5-32-544","PrincipalType":"Group","RightName":"AllExtendedRights","IsInherited":true},{"PrincipalSID":"OSCP.EXAM-S-1-5-32-544","PrincipalType":"Group","RightName":"GenericWrite","IsInherited":true}],"ObjectIdentifier":"S-1-5-21-2610934713-1581164095-2706428072-1606","IsDeleted":false,"IsACLProtected":false},{"Properties":{"domain":"OSCP.EXAM","name":"LAWRENCE.KAY@OSCP.EXAM","distinguishedname":"CN=LAWRENCE KAY,OU=FINANCE,DC=OSCP,DC=EXAM","domainsid":"S-1-5-21-2610934713-1581164095-2706428072","highvalue":false,"samaccountname":"Lawrence.Kay","description":null,"whencreated":1649132568,"sensitive":false,"dontreqpreauth":false,"passwordnotreqd":true,"unconstraineddelegation":false,"pwdneverexpires":true,"enabled":true,"trustedtoauth":false,"lastlogon":0,"lastlogontimestamp":-1,"pwdlastset":1649157768,"serviceprincipalnames":[],"hasspn":false,"displayname":"Lawrence Kay","email":null,"title":null,"homedirectory":null,"userpassword":null,"unixpassword":null,"unicodepassword":null,"sfupassword":null,"logonscript":null,"admincount":false,"sidhistory":[]},"AllowedToDelegate":[],"PrimaryGroupSID":"S-1-5-21-2610934713-1581164095-2706428072-513","HasSIDHistory":[],"SPNTargets":[],"Aces":[{"PrincipalSID":"S-1-5-21-2610934713-1581164095-2706428072-512","PrincipalType":"Group","RightName":"Owns","IsInherited":false},{"PrincipalSID":"OSCP.EXAM-S-1-5-32-548","PrincipalType":"Group","RightName":"GenericAll","IsInherited":false},{"PrincipalSID":"S-1-5-21-2610934713-1581164095-2706428072-512","PrincipalType":"Group","RightName":"GenericAll","IsInherited":false},{"PrincipalSID":"S-1-5-21-2610934713-1581164095-2706428072-526","PrincipalType":"Group","RightName":"AddKeyCredentialLink","IsInherited":true},{"PrincipalSID":"S-1-5-21-2610934713-1581164095-2706428072-527","PrincipalType":"Group","RightName":"AddKeyCredentialLink","IsInherited":true},{"PrincipalSID":"S-1-5-21-2610934713-1581164095-2706428072-519","PrincipalType":"Group","RightName":"GenericAll","IsInherited":true},{"PrincipalSID":"OSCP.EXAM-S-1-5-32-544","PrincipalType":"Group","RightName":"WriteDacl","IsInherited":true},{"PrincipalSID":"OSCP.EXAM-S-1-5-32-544","PrincipalType":"Group","RightName":"WriteOwner","IsInherited":true},{"PrincipalSID":"OSCP.EXAM-S-1-5-32-544","PrincipalType":"Group","RightName":"AllExtendedRights","IsInherited":true},{"PrincipalSID":"OSCP.EXAM-S-1-5-32-544","PrincipalType":"Group","RightName":"GenericWrite","IsInherited":true}],"ObjectIdentifier":"S-1-5-21-2610934713-1581164095-2706428072-1608","IsDeleted":false,"IsACLProtected":false},{"Properties":{"domain":"OSCP.EXAM","name":"EMILY.BISHOP@OSCP.EXAM","distinguishedname":"CN=EMILY BISHOP,OU=FINANCE,DC=OSCP,DC=EXAM","domainsid":"S-1-5-21-2610934713-1581164095-2706428072","highvalue":false,"samaccountname":"Emily.Bishop","description":null,"whencreated":1649132569,"sensitive":false,"dontreqpreauth":false,"passwordnotreqd":true,"unconstraineddelegation":false,"pwdneverexpires":true,"enabled":true,"trustedtoauth":false,"lastlogon":0,"lastlogontimestamp":-1,"pwdlastset":1649157769,"serviceprincipalnames":[],"hasspn":false,"displayname":"Emily Bishop","email":null,"title":null,"homedirectory":null,"userpassword":null,"unixpassword":null,"unicodepassword":null,"sfupassword":null,"logonscript":null,"admincount":false,"sidhistory":[]},"AllowedToDelegate":[],"PrimaryGroupSID":"S-1-5-21-2610934713-1581164095-2706428072-513","HasSIDHistory":[],"SPNTargets":[],"Aces":[{"PrincipalSID":"S-1-5-21-2610934713-1581164095-2706428072-512","PrincipalType":"Group","RightName":"Owns","IsInherited":false},{"PrincipalSID":"OSCP.EXAM-S-1-5-32-548","PrincipalType":"Group","RightName":"GenericAll","IsInherited":false},{"PrincipalSID":"S-1-5-21-2610934713-1581164095-2706428072-512","PrincipalType":"Group","RightName":"GenericAll","IsInherited":false},{"PrincipalSID":"S-1-5-21-2610934713-1581164095-2706428072-526","PrincipalType":"Group","RightName":"AddKeyCredentialLink","IsInherited":true},{"PrincipalSID":"S-1-5-21-2610934713-1581164095-2706428072-527","PrincipalType":"Group","RightName":"AddKeyCredentialLink","IsInherited":true},{"PrincipalSID":"S-1-5-21-2610934713-1581164095-2706428072-519","PrincipalType":"Group","RightName":"GenericAll","IsInherited":true},{"PrincipalSID":"OSCP.EXAM-S-1-5-32-544","PrincipalType":"Group","RightName":"WriteDacl","IsInherited":true},{"PrincipalSID":"OSCP.EXAM-S-1-5-32-544","PrincipalType":"Group","RightName":"WriteOwner","IsInherited":true},{"PrincipalSID":"OSCP.EXAM-S-1-5-32-544","PrincipalType":"Group","RightName":"AllExtendedRights","IsInherited":true},{"PrincipalSID":"OSCP.EXAM-S-1-5-32-544","PrincipalType":"Group","RightName":"GenericWrite","IsInherited":true}],"ObjectIdentifier":"S-1-5-21-2610934713-1581164095-2706428072-1609","IsDeleted":false,"IsACLProtected":false},{"Properties":{"domain":"OSCP.EXAM","name":"LINDA.PATEL@OSCP.EXAM","distinguishedname":"CN=LINDA PATEL,OU=FINANCE,DC=OSCP,DC=EXAM","domainsid":"S-1-5-21-2610934713-1581164095-2706428072","highvalue":false,"samaccountname":"Linda.Patel","description":null,"whencreated":1649132569,"sensitive":false,"dontreqpreauth":false,"passwordnotreqd":true,"unconstraineddelegation":false,"pwdneverexpires":true,"enabled":true,"trustedtoauth":false,"lastlogon":0,"lastlogontimestamp":-1,"pwdlastset":1649157769,"serviceprincipalnames":[],"hasspn":false,"displayname":"Linda Patel","email":null,"title":null,"homedirectory":null,"userpassword":null,"unixpassword":null,"unicodepassword":null,"sfupassword":null,"logonscript":null,"admincount":false,"sidhistory":[]},"AllowedToDelegate":[],"PrimaryGroupSID":"S-1-5-21-2610934713-1581164095-2706428072-513","HasSIDHistory":[],"SPNTargets":[],"Aces":[{"PrincipalSID":"S-1-5-21-2610934713-1581164095-2706428072-512","PrincipalType":"Group","RightName":"Owns","IsInherited":false},{"PrincipalSID":"OSCP.EXAM-S-1-5-32-548","PrincipalType":"Group","RightName":"GenericAll","IsInherited":false},{"PrincipalSID":"S-1-5-21-2610934713-1581164095-2706428072-512","PrincipalType":"Group","RightName":"GenericAll","IsInherited":false},{"PrincipalSID":"S-1-5-21-2610934713-1581164095-2706428072-526","PrincipalType":"Group","RightName":"AddKeyCredentialLink","IsInherited":true},{"PrincipalSID":"S-1-5-21-2610934713-1581164095-2706428072-527","PrincipalType":"Group","RightName":"AddKeyCredentialLink","IsInherited":true},{"PrincipalSID":"S-1-5-21-2610934713-1581164095-2706428072-519","PrincipalType":"Group","RightName":"GenericAll","IsInherited":true},{"PrincipalSID":"OSCP.EXAM-S-1-5-32-544","PrincipalType":"Group","RightName":"WriteDacl","IsInherited":true},{"PrincipalSID":"OSCP.EXAM-S-1-5-32-544","PrincipalType":"Group","RightName":"WriteOwner","IsInherited":true},{"PrincipalSID":"OSCP.EXAM-S-1-5-32-544","PrincipalType":"Group","RightName":"AllExtendedRights","IsInherited":true},{"PrincipalSID":"OSCP.EXAM-S-1-5-32-544","PrincipalType":"Group","RightName":"GenericWrite","IsInherited":true}],"ObjectIdentifier":"S-1-5-21-2610934713-1581164095-2706428072-1610","IsDeleted":false,"IsACLProtected":false},{"Properties":{"domain":"OSCP.EXAM","name":"JAMIE.THOMAS@OSCP.EXAM","distinguishedname":"CN=JAMIE THOMAS,OU=FINANCE,DC=OSCP,DC=EXAM","domainsid":"S-1-5-21-2610934713-1581164095-2706428072","highvalue":false,"samaccountname":"Jamie.Thomas","description":null,"whencreated":1649132569,"sensitive":false,"dontreqpreauth":false,"passwordnotreqd":true,"unconstraineddelegation":false,"pwdneverexpires":true,"enabled":true,"trustedtoauth":false,"lastlogon":0,"lastlogontimestamp":-1,"pwdlastset":1649157769,"serviceprincipalnames":[],"hasspn":false,"displayname":"Jamie Thomas","email":null,"title":null,"homedirectory":null,"userpassword":null,"unixpassword":null,"unicodepassword":null,"sfupassword":null,"logonscript":null,"admincount":false,"sidhistory":[]},"AllowedToDelegate":[],"PrimaryGroupSID":"S-1-5-21-2610934713-1581164095-2706428072-513","HasSIDHistory":[],"SPNTargets":[],"Aces":[{"PrincipalSID":"S-1-5-21-2610934713-1581164095-2706428072-512","PrincipalType":"Group","RightName":"Owns","IsInherited":false},{"PrincipalSID":"OSCP.EXAM-S-1-5-32-548","PrincipalType":"Group","RightName":"GenericAll","IsInherited":false},{"PrincipalSID":"S-1-5-21-2610934713-1581164095-2706428072-512","PrincipalType":"Group","RightName":"GenericAll","IsInherited":false},{"PrincipalSID":"S-1-5-21-2610934713-1581164095-2706428072-526","PrincipalType":"Group","RightName":"AddKeyCredentialLink","IsInherited":true},{"PrincipalSID":"S-1-5-21-2610934713-1581164095-2706428072-527","PrincipalType":"Group","RightName":"AddKeyCredentialLink","IsInherited":true},{"PrincipalSID":"S-1-5-21-2610934713-1581164095-2706428072-519","PrincipalType":"Group","RightName":"GenericAll","IsInherited":true},{"PrincipalSID":"OSCP.EXAM-S-1-5-32-544","PrincipalType":"Group","RightName":"WriteDacl","IsInherited":true},{"PrincipalSID":"OSCP.EXAM-S-1-5-32-544","PrincipalType":"Group","RightName":"WriteOwner","IsInherited":true},{"PrincipalSID":"OSCP.EXAM-S-1-5-32-544","PrincipalType":"Group","RightName":"AllExtendedRights","IsInherited":true},{"PrincipalSID":"OSCP.EXAM-S-1-5-32-544","PrincipalType":"Group","RightName":"GenericWrite","IsInherited":true}],"ObjectIdentifier":"S-1-5-21-2610934713-1581164095-2706428072-1611","IsDeleted":false,"IsACLProtected":false},{"Properties":{"domain":"OSCP.EXAM","name":"SHANE.MITCHELL@OSCP.EXAM","distinguishedname":"CN=SHANE MITCHELL,OU=FINANCE,DC=OSCP,DC=EXAM","domainsid":"S-1-5-21-2610934713-1581164095-2706428072","highvalue":false,"samaccountname":"Shane.Mitchell","description":null,"whencreated":1649132569,"sensitive":false,"dontreqpreauth":false,"passwordnotreqd":true,"unconstraineddelegation":false,"pwdneverexpires":true,"enabled":true,"trustedtoauth":false,"lastlogon":0,"lastlogontimestamp":-1,"pwdlastset":1649157769,"serviceprincipalnames":[],"hasspn":false,"displayname":"Shane Mitchell","email":null,"title":null,"homedirectory":null,"userpassword":null,"unixpassword":null,"unicodepassword":null,"sfupassword":null,"logonscript":null,"admincount":false,"sidhistory":[]},"AllowedToDelegate":[],"PrimaryGroupSID":"S-1-5-21-2610934713-1581164095-2706428072-513","HasSIDHistory":[],"SPNTargets":[],"Aces":[{"PrincipalSID":"S-1-5-21-2610934713-1581164095-2706428072-512","PrincipalType":"Group","RightName":"Owns","IsInherited":false},{"PrincipalSID":"OSCP.EXAM-S-1-5-32-548","PrincipalType":"Group","RightName":"GenericAll","IsInherited":false},{"PrincipalSID":"S-1-5-21-2610934713-1581164095-2706428072-512","PrincipalType":"Group","RightName":"GenericAll","IsInherited":false},{"PrincipalSID":"S-1-5-21-2610934713-1581164095-2706428072-526","PrincipalType":"Group","RightName":"AddKeyCredentialLink","IsInherited":true},{"PrincipalSID":"S-1-5-21-2610934713-1581164095-2706428072-527","PrincipalType":"Group","RightName":"AddKeyCredentialLink","IsInherited":true},{"PrincipalSID":"S-1-5-21-2610934713-1581164095-2706428072-519","PrincipalType":"Group","RightName":"GenericAll","IsInherited":true},{"PrincipalSID":"OSCP.EXAM-S-1-5-32-544","PrincipalType":"Group","RightName":"WriteDacl","IsInherited":true},{"PrincipalSID":"OSCP.EXAM-S-1-5-32-544","PrincipalType":"Group","RightName":"WriteOwner","IsInherited":true},{"PrincipalSID":"OSCP.EXAM-S-1-5-32-544","PrincipalType":"Group","RightName":"AllExtendedRights","IsInherited":true},{"PrincipalSID":"OSCP.EXAM-S-1-5-32-544","PrincipalType":"Group","RightName":"GenericWrite","IsInherited":true}],"ObjectIdentifier":"S-1-5-21-2610934713-1581164095-2706428072-1612","IsDeleted":false,"IsACLProtected":false},{"Properties":{"domain":"OSCP.EXAM","name":"FRANK.FARRELL@OSCP.EXAM","distinguishedname":"CN=FRANK FARRELL,OU=HR,DC=OSCP,DC=EXAM","domainsid":"S-1-5-21-2610934713-1581164095-2706428072","highvalue":false,"samaccountname":"Frank.Farrell","description":null,"whencreated":1649132576,"sensitive":false,"dontreqpreauth":false,"passwordnotreqd":true,"unconstraineddelegation":false,"pwdneverexpires":true,"enabled":true,"trustedtoauth":false,"lastlogon":0,"lastlogontimestamp":-1,"pwdlastset":1649157776,"serviceprincipalnames":[],"hasspn":false,"displayname":"Frank Farrell","email":null,"title":null,"homedirectory":null,"userpassword":null,"unixpassword":null,"unicodepassword":null,"sfupassword":null,"logonscript":null,"admincount":false,"sidhistory":[]},"AllowedToDelegate":[],"PrimaryGroupSID":"S-1-5-21-2610934713-1581164095-2706428072-513","HasSIDHistory":[],"SPNTargets":[],"Aces":[{"PrincipalSID":"S-1-5-21-2610934713-1581164095-2706428072-512","PrincipalType":"Group","RightName":"Owns","IsInherited":false},{"PrincipalSID":"OSCP.EXAM-S-1-5-32-548","PrincipalType":"Group","RightName":"GenericAll","IsInherited":false},{"PrincipalSID":"S-1-5-21-2610934713-1581164095-2706428072-512","PrincipalType":"Group","RightName":"GenericAll","IsInherited":false},{"PrincipalSID":"S-1-5-21-2610934713-1581164095-2706428072-526","PrincipalType":"Group","RightName":"AddKeyCredentialLink","IsInherited":true},{"PrincipalSID":"S-1-5-21-2610934713-1581164095-2706428072-527","PrincipalType":"Group","RightName":"AddKeyCredentialLink","IsInherited":true},{"PrincipalSID":"S-1-5-21-2610934713-1581164095-2706428072-519","PrincipalType":"Group","RightName":"GenericAll","IsInherited":true},{"PrincipalSID":"OSCP.EXAM-S-1-5-32-544","PrincipalType":"Group","RightName":"WriteDacl","IsInherited":true},{"PrincipalSID":"OSCP.EXAM-S-1-5-32-544","PrincipalType":"Group","RightName":"WriteOwner","IsInherited":true},{"PrincipalSID":"OSCP.EXAM-S-1-5-32-544","PrincipalType":"Group","RightName":"AllExtendedRights","IsInherited":true},{"PrincipalSID":"OSCP.EXAM-S-1-5-32-544","PrincipalType":"Group","RightName":"GenericWrite","IsInherited":true}],"ObjectIdentifier":"S-1-5-21-2610934713-1581164095-2706428072-1614","IsDeleted":false,"IsACLProtected":false},{"Properties":{"domain":"OSCP.EXAM","name":"JANE.BOOTH@OSCP.EXAM","distinguishedname":"CN=JANE BOOTH,OU=HR,DC=OSCP,DC=EXAM","domainsid":"S-1-5-21-2610934713-1581164095-2706428072","highvalue":false,"samaccountname":"Jane.Booth","description":null,"whencreated":1649132576,"sensitive":false,"dontreqpreauth":false,"passwordnotreqd":true,"unconstraineddelegation":false,"pwdneverexpires":true,"enabled":true,"trustedtoauth":false,"lastlogon":0,"lastlogontimestamp":-1,"pwdlastset":1649157776,"serviceprincipalnames":[],"hasspn":false,"displayname":"Jane Booth","email":null,"title":null,"homedirectory":null,"userpassword":null,"unixpassword":null,"unicodepassword":null,"sfupassword":null,"logonscript":null,"admincount":false,"sidhistory":[]},"AllowedToDelegate":[],"PrimaryGroupSID":"S-1-5-21-2610934713-1581164095-2706428072-513","HasSIDHistory":[],"SPNTargets":[],"Aces":[{"PrincipalSID":"S-1-5-21-2610934713-1581164095-2706428072-512","PrincipalType":"Group","RightName":"Owns","IsInherited":false},{"PrincipalSID":"OSCP.EXAM-S-1-5-32-548","PrincipalType":"Group","RightName":"GenericAll","IsInherited":false},{"PrincipalSID":"S-1-5-21-2610934713-1581164095-2706428072-512","PrincipalType":"Group","RightName":"GenericAll","IsInherited":false},{"PrincipalSID":"S-1-5-21-2610934713-1581164095-2706428072-526","PrincipalType":"Group","RightName":"AddKeyCredentialLink","IsInherited":true},{"PrincipalSID":"S-1-5-21-2610934713-1581164095-2706428072-527","PrincipalType":"Group","RightName":"AddKeyCredentialLink","IsInherited":true},{"PrincipalSID":"S-1-5-21-2610934713-1581164095-2706428072-519","PrincipalType":"Group","RightName":"GenericAll","IsInherited":true},{"PrincipalSID":"OSCP.EXAM-S-1-5-32-544","PrincipalType":"Group","RightName":"WriteDacl","IsInherited":true},{"PrincipalSID":"OSCP.EXAM-S-1-5-32-544","PrincipalType":"Group","RightName":"WriteOwner","IsInherited":true},{"PrincipalSID":"OSCP.EXAM-S-1-5-32-544","PrincipalType":"Group","RightName":"AllExtendedRights","IsInherited":true},{"PrincipalSID":"OSCP.EXAM-S-1-5-32-544","PrincipalType":"Group","RightName":"GenericWrite","IsInherited":true}],"ObjectIdentifier":"S-1-5-21-2610934713-1581164095-2706428072-1615","IsDeleted":false,"IsACLProtected":false},{"Properties":{"domain":"OSCP.EXAM","name":"JOAN.NORTH@OSCP.EXAM","distinguishedname":"CN=JOAN NORTH,OU=HR,DC=OSCP,DC=EXAM","domainsid":"S-1-5-21-2610934713-1581164095-2706428072","highvalue":false,"samaccountname":"Joan.North","description":null,"whencreated":1649132576,"sensitive":false,"dontreqpreauth":false,"passwordnotreqd":true,"unconstraineddelegation":false,"pwdneverexpires":true,"enabled":true,"trustedtoauth":false,"lastlogon":0,"lastlogontimestamp":-1,"pwdlastset":1649157777,"serviceprincipalnames":[],"hasspn":false,"displayname":"Joan North","email":null,"title":null,"homedirectory":null,"userpassword":null,"unixpassword":null,"unicodepassword":null,"sfupassword":null,"logonscript":null,"admincount":false,"sidhistory":[]},"AllowedToDelegate":[],"PrimaryGroupSID":"S-1-5-21-2610934713-1581164095-2706428072-513","HasSIDHistory":[],"SPNTargets":[],"Aces":[{"PrincipalSID":"S-1-5-21-2610934713-1581164095-2706428072-512","PrincipalType":"Group","RightName":"Owns","IsInherited":false},{"PrincipalSID":"OSCP.EXAM-S-1-5-32-548","PrincipalType":"Group","RightName":"GenericAll","IsInherited":false},{"PrincipalSID":"S-1-5-21-2610934713-1581164095-2706428072-512","PrincipalType":"Group","RightName":"GenericAll","IsInherited":false},{"PrincipalSID":"S-1-5-21-2610934713-1581164095-2706428072-526","PrincipalType":"Group","RightName":"AddKeyCredentialLink","IsInherited":true},{"PrincipalSID":"S-1-5-21-2610934713-1581164095-2706428072-527","PrincipalType":"Group","RightName":"AddKeyCredentialLink","IsInherited":true},{"PrincipalSID":"S-1-5-21-2610934713-1581164095-2706428072-519","PrincipalType":"Group","RightName":"GenericAll","IsInherited":true},{"PrincipalSID":"OSCP.EXAM-S-1-5-32-544","PrincipalType":"Group","RightName":"WriteDacl","IsInherited":true},{"PrincipalSID":"OSCP.EXAM-S-1-5-32-544","PrincipalType":"Group","RightName":"WriteOwner","IsInherited":true},{"PrincipalSID":"OSCP.EXAM-S-1-5-32-544","PrincipalType":"Group","RightName":"AllExtendedRights","IsInherited":true},{"PrincipalSID":"OSCP.EXAM-S-1-5-32-544","PrincipalType":"Group","RightName":"GenericWrite","IsInherited":true}],"ObjectIdentifier":"S-1-5-21-2610934713-1581164095-2706428072-1616","IsDeleted":false,"IsACLProtected":false},{"Properties":{"domain":"OSCP.EXAM","name":"CAROL.WEBB@OSCP.EXAM","distinguishedname":"CN=CAROL WEBB,OU=IT,DC=OSCP,DC=EXAM","domainsid":"S-1-5-21-2610934713-1581164095-2706428072","highvalue":false,"samaccountname":"Carol.Webb","description":null,"whencreated":1649132583,"sensitive":false,"dontreqpreauth":false,"passwordnotreqd":true,"unconstraineddelegation":false,"pwdneverexpires":true,"enabled":true,"trustedtoauth":false,"lastlogon":0,"lastlogontimestamp":-1,"pwdlastset":1649157783,"serviceprincipalnames":[],"hasspn":false,"displayname":"Carol Webb","email":null,"title":null,"homedirectory":null,"userpassword":null,"unixpassword":null,"unicodepassword":null,"sfupassword":null,"logonscript":null,"admincount":false,"sidhistory":[]},"AllowedToDelegate":[],"PrimaryGroupSID":"S-1-5-21-2610934713-1581164095-2706428072-513","HasSIDHistory":[],"SPNTargets":[],"Aces":[{"PrincipalSID":"S-1-5-21-2610934713-1581164095-2706428072-512","PrincipalType":"Group","RightName":"Owns","IsInherited":false},{"PrincipalSID":"OSCP.EXAM-S-1-5-32-548","PrincipalType":"Group","RightName":"GenericAll","IsInherited":false},{"PrincipalSID":"S-1-5-21-2610934713-1581164095-2706428072-512","PrincipalType":"Group","RightName":"GenericAll","IsInherited":false},{"PrincipalSID":"S-1-5-21-2610934713-1581164095-2706428072-526","PrincipalType":"Group","RightName":"AddKeyCredentialLink","IsInherited":true},{"PrincipalSID":"S-1-5-21-2610934713-1581164095-2706428072-527","PrincipalType":"Group","RightName":"AddKeyCredentialLink","IsInherited":true},{"PrincipalSID":"S-1-5-21-2610934713-1581164095-2706428072-519","PrincipalType":"Group","RightName":"GenericAll","IsInherited":true},{"PrincipalSID":"OSCP.EXAM-S-1-5-32-544","PrincipalType":"Group","RightName":"WriteDacl","IsInherited":true},{"PrincipalSID":"OSCP.EXAM-S-1-5-32-544","PrincipalType":"Group","RightName":"WriteOwner","IsInherited":true},{"PrincipalSID":"OSCP.EXAM-S-1-5-32-544","PrincipalType":"Group","RightName":"AllExtendedRights","IsInherited":true},{"PrincipalSID":"OSCP.EXAM-S-1-5-32-544","PrincipalType":"Group","RightName":"GenericWrite","IsInherited":true}],"ObjectIdentifier":"S-1-5-21-2610934713-1581164095-2706428072-1618","IsDeleted":false,"IsACLProtected":false},{"Properties":{"domain":"OSCP.EXAM","name":"KENNETH.COLES@OSCP.EXAM","distinguishedname":"CN=KENNETH COLES,OU=IT,DC=OSCP,DC=EXAM","domainsid":"S-1-5-21-2610934713-1581164095-2706428072","highvalue":false,"samaccountname":"Kenneth.Coles","description":null,"whencreated":1649132584,"sensitive":false,"dontreqpreauth":false,"passwordnotreqd":true,"unconstraineddelegation":false,"pwdneverexpires":true,"enabled":true,"trustedtoauth":false,"lastlogon":0,"lastlogontimestamp":-1,"pwdlastset":1649157784,"serviceprincipalnames":[],"hasspn":false,"displayname":"Kenneth Coles","email":null,"title":null,"homedirectory":null,"userpassword":null,"unixpassword":null,"unicodepassword":null,"sfupassword":null,"logonscript":null,"admincount":false,"sidhistory":[]},"AllowedToDelegate":[],"PrimaryGroupSID":"S-1-5-21-2610934713-1581164095-2706428072-513","HasSIDHistory":[],"SPNTargets":[],"Aces":[{"PrincipalSID":"S-1-5-21-2610934713-1581164095-2706428072-512","PrincipalType":"Group","RightName":"Owns","IsInherited":false},{"PrincipalSID":"OSCP.EXAM-S-1-5-32-548","PrincipalType":"Group","RightName":"GenericAll","IsInherited":false},{"PrincipalSID":"S-1-5-21-2610934713-1581164095-2706428072-512","PrincipalType":"Group","RightName":"GenericAll","IsInherited":false},{"PrincipalSID":"S-1-5-21-2610934713-1581164095-2706428072-526","PrincipalType":"Group","RightName":"AddKeyCredentialLink","IsInherited":true},{"PrincipalSID":"S-1-5-21-2610934713-1581164095-2706428072-527","PrincipalType":"Group","RightName":"AddKeyCredentialLink","IsInherited":true},{"PrincipalSID":"S-1-5-21-2610934713-1581164095-2706428072-519","PrincipalType":"Group","RightName":"GenericAll","IsInherited":true},{"PrincipalSID":"OSCP.EXAM-S-1-5-32-544","PrincipalType":"Group","RightName":"WriteDacl","IsInherited":true},{"PrincipalSID":"OSCP.EXAM-S-1-5-32-544","PrincipalType":"Group","RightName":"WriteOwner","IsInherited":true},{"PrincipalSID":"OSCP.EXAM-S-1-5-32-544","PrincipalType":"Group","RightName":"AllExtendedRights","IsInherited":true},{"PrincipalSID":"OSCP.EXAM-S-1-5-32-544","PrincipalType":"Group","RightName":"GenericWrite","IsInherited":true}],"ObjectIdentifier":"S-1-5-21-2610934713-1581164095-2706428072-1619","IsDeleted":false,"IsACLProtected":false},{"Properties":{"domain":"OSCP.EXAM","name":"OLIVER.GRAY@OSCP.EXAM","distinguishedname":"CN=OLIVER GRAY,OU=IT,DC=OSCP,DC=EXAM","domainsid":"S-1-5-21-2610934713-1581164095-2706428072","highvalue":false,"samaccountname":"Oliver.Gray","description":null,"whencreated":1649132584,"sensitive":false,"dontreqpreauth":false,"passwordnotreqd":true,"unconstraineddelegation":false,"pwdneverexpires":true,"enabled":true,"trustedtoauth":false,"lastlogon":0,"lastlogontimestamp":-1,"pwdlastset":1649157784,"serviceprincipalnames":[],"hasspn":false,"displayname":"Oliver Gray","email":null,"title":null,"homedirectory":null,"userpassword":null,"unixpassword":null,"unicodepassword":null,"sfupassword":null,"logonscript":null,"admincount":false,"sidhistory":[]},"AllowedToDelegate":[],"PrimaryGroupSID":"S-1-5-21-2610934713-1581164095-2706428072-513","HasSIDHistory":[],"SPNTargets":[],"Aces":[{"PrincipalSID":"S-1-5-21-2610934713-1581164095-2706428072-512","PrincipalType":"Group","RightName":"Owns","IsInherited":false},{"PrincipalSID":"OSCP.EXAM-S-1-5-32-548","PrincipalType":"Group","RightName":"GenericAll","IsInherited":false},{"PrincipalSID":"S-1-5-21-2610934713-1581164095-2706428072-512","PrincipalType":"Group","RightName":"GenericAll","IsInherited":false},{"PrincipalSID":"S-1-5-21-2610934713-1581164095-2706428072-526","PrincipalType":"Group","RightName":"AddKeyCredentialLink","IsInherited":true},{"PrincipalSID":"S-1-5-21-2610934713-1581164095-2706428072-527","PrincipalType":"Group","RightName":"AddKeyCredentialLink","IsInherited":true},{"PrincipalSID":"S-1-5-21-2610934713-1581164095-2706428072-519","PrincipalType":"Group","RightName":"GenericAll","IsInherited":true},{"PrincipalSID":"OSCP.EXAM-S-1-5-32-544","PrincipalType":"Group","RightName":"WriteDacl","IsInherited":true},{"PrincipalSID":"OSCP.EXAM-S-1-5-32-544","PrincipalType":"Group","RightName":"WriteOwner","IsInherited":true},{"PrincipalSID":"OSCP.EXAM-S-1-5-32-544","PrincipalType":"Group","RightName":"AllExtendedRights","IsInherited":true},{"PrincipalSID":"OSCP.EXAM-S-1-5-32-544","PrincipalType":"Group","RightName":"GenericWrite","IsInherited":true}],"ObjectIdentifier":"S-1-5-21-2610934713-1581164095-2706428072-1620","IsDeleted":false,"IsACLProtected":false},{"Properties":{"domain":"OSCP.EXAM","name":"GEORGINA.BEGUM@OSCP.EXAM","distinguishedname":"CN=GEORGINA BEGUM,OU=MARKETING,DC=OSCP,DC=EXAM","domainsid":"S-1-5-21-2610934713-1581164095-2706428072","highvalue":false,"samaccountname":"Georgina.Begum","description":null,"whencreated":1649132590,"sensitive":false,"dontreqpreauth":false,"passwordnotreqd":true,"unconstraineddelegation":false,"pwdneverexpires":true,"enabled":true,"trustedtoauth":false,"lastlogon":0,"lastlogontimestamp":-1,"pwdlastset":1649157790,"serviceprincipalnames":[],"hasspn":false,"displayname":"Georgina Begum","email":null,"title":null,"homedirectory":null,"userpassword":null,"unixpassword":null,"unicodepassword":null,"sfupassword":null,"logonscript":null,"admincount":false,"sidhistory":[]},"AllowedToDelegate":[],"PrimaryGroupSID":"S-1-5-21-2610934713-1581164095-2706428072-513","HasSIDHistory":[],"SPNTargets":[],"Aces":[{"PrincipalSID":"S-1-5-21-2610934713-1581164095-2706428072-512","PrincipalType":"Group","RightName":"Owns","IsInherited":false},{"PrincipalSID":"OSCP.EXAM-S-1-5-32-548","PrincipalType":"Group","RightName":"GenericAll","IsInherited":false},{"PrincipalSID":"S-1-5-21-2610934713-1581164095-2706428072-512","PrincipalType":"Group","RightName":"GenericAll","IsInherited":false},{"PrincipalSID":"S-1-5-21-2610934713-1581164095-2706428072-526","PrincipalType":"Group","RightName":"AddKeyCredentialLink","IsInherited":true},{"PrincipalSID":"S-1-5-21-2610934713-1581164095-2706428072-527","PrincipalType":"Group","RightName":"AddKeyCredentialLink","IsInherited":true},{"PrincipalSID":"S-1-5-21-2610934713-1581164095-2706428072-519","PrincipalType":"Group","RightName":"GenericAll","IsInherited":true},{"PrincipalSID":"OSCP.EXAM-S-1-5-32-544","PrincipalType":"Group","RightName":"WriteDacl","IsInherited":true},{"PrincipalSID":"OSCP.EXAM-S-1-5-32-544","PrincipalType":"Group","RightName":"WriteOwner","IsInherited":true},{"PrincipalSID":"OSCP.EXAM-S-1-5-32-544","PrincipalType":"Group","RightName":"AllExtendedRights","IsInherited":true},{"PrincipalSID":"OSCP.EXAM-S-1-5-32-544","PrincipalType":"Group","RightName":"GenericWrite","IsInherited":true}],"ObjectIdentifier":"S-1-5-21-2610934713-1581164095-2706428072-1622","IsDeleted":false,"IsACLProtected":false},{"Properties":{"domain":"OSCP.EXAM","name":"AIMEE.HUNT@OSCP.EXAM","distinguishedname":"CN=AIMEE HUNT,OU=MARKETING,DC=OSCP,DC=EXAM","domainsid":"S-1-5-21-2610934713-1581164095-2706428072","highvalue":false,"samaccountname":"Aimee.Hunt","description":null,"whencreated":1649132590,"sensitive":false,"dontreqpreauth":false,"passwordnotreqd":true,"unconstraineddelegation":false,"pwdneverexpires":true,"enabled":true,"trustedtoauth":false,"lastlogon":0,"lastlogontimestamp":-1,"pwdlastset":1649157790,"serviceprincipalnames":[],"hasspn":false,"displayname":"Aimee Hunt","email":null,"title":null,"homedirectory":null,"userpassword":null,"unixpassword":null,"unicodepassword":null,"sfupassword":null,"logonscript":null,"admincount":false,"sidhistory":[]},"AllowedToDelegate":[],"PrimaryGroupSID":"S-1-5-21-2610934713-1581164095-2706428072-513","HasSIDHistory":[],"SPNTargets":[],"Aces":[{"PrincipalSID":"S-1-5-21-2610934713-1581164095-2706428072-512","PrincipalType":"Group","RightName":"Owns","IsInherited":false},{"PrincipalSID":"OSCP.EXAM-S-1-5-32-548","PrincipalType":"Group","RightName":"GenericAll","IsInherited":false},{"PrincipalSID":"S-1-5-21-2610934713-1581164095-2706428072-512","PrincipalType":"Group","RightName":"GenericAll","IsInherited":false},{"PrincipalSID":"S-1-5-21-2610934713-1581164095-2706428072-526","PrincipalType":"Group","RightName":"AddKeyCredentialLink","IsInherited":true},{"PrincipalSID":"S-1-5-21-2610934713-1581164095-2706428072-527","PrincipalType":"Group","RightName":"AddKeyCredentialLink","IsInherited":true},{"PrincipalSID":"S-1-5-21-2610934713-1581164095-2706428072-519","PrincipalType":"Group","RightName":"GenericAll","IsInherited":true},{"PrincipalSID":"OSCP.EXAM-S-1-5-32-544","PrincipalType":"Group","RightName":"WriteDacl","IsInherited":true},{"PrincipalSID":"OSCP.EXAM-S-1-5-32-544","PrincipalType":"Group","RightName":"WriteOwner","IsInherited":true},{"PrincipalSID":"OSCP.EXAM-S-1-5-32-544","PrincipalType":"Group","RightName":"AllExtendedRights","IsInherited":true},{"PrincipalSID":"OSCP.EXAM-S-1-5-32-544","PrincipalType":"Group","RightName":"GenericWrite","IsInherited":true}],"ObjectIdentifier":"S-1-5-21-2610934713-1581164095-2706428072-1623","IsDeleted":false,"IsACLProtected":false},{"Properties":{"domain":"OSCP.EXAM","name":"THOMAS.ROBINSON@OSCP.EXAM","distinguishedname":"CN=THOMAS ROBINSON,OU=MARKETING,DC=OSCP,DC=EXAM","domainsid":"S-1-5-21-2610934713-1581164095-2706428072","highvalue":false,"samaccountname":"Thomas.Robinson","description":null,"whencreated":1649132590,"sensitive":false,"dontreqpreauth":false,"passwordnotreqd":true,"unconstraineddelegation":false,"pwdneverexpires":true,"enabled":true,"trustedtoauth":false,"lastlogon":0,"lastlogontimestamp":-1,"pwdlastset":1649157790,"serviceprincipalnames":[],"hasspn":false,"displayname":"Thomas Robinson","email":null,"title":null,"homedirectory":null,"userpassword":null,"unixpassword":null,"unicodepassword":null,"sfupassword":null,"logonscript":null,"admincount":false,"sidhistory":[]},"AllowedToDelegate":[],"PrimaryGroupSID":"S-1-5-21-2610934713-1581164095-2706428072-513","HasSIDHistory":[],"SPNTargets":[],"Aces":[{"PrincipalSID":"S-1-5-21-2610934713-1581164095-2706428072-512","PrincipalType":"Group","RightName":"Owns","IsInherited":false},{"PrincipalSID":"OSCP.EXAM-S-1-5-32-548","PrincipalType":"Group","RightName":"GenericAll","IsInherited":false},{"PrincipalSID":"S-1-5-21-2610934713-1581164095-2706428072-512","PrincipalType":"Group","RightName":"GenericAll","IsInherited":false},{"PrincipalSID":"S-1-5-21-2610934713-1581164095-2706428072-526","PrincipalType":"Group","RightName":"AddKeyCredentialLink","IsInherited":true},{"PrincipalSID":"S-1-5-21-2610934713-1581164095-2706428072-527","PrincipalType":"Group","RightName":"AddKeyCredentialLink","IsInherited":true},{"PrincipalSID":"S-1-5-21-2610934713-1581164095-2706428072-519","PrincipalType":"Group","RightName":"GenericAll","IsInherited":true},{"PrincipalSID":"OSCP.EXAM-S-1-5-32-544","PrincipalType":"Group","RightName":"WriteDacl","IsInherited":true},{"PrincipalSID":"OSCP.EXAM-S-1-5-32-544","PrincipalType":"Group","RightName":"WriteOwner","IsInherited":true},{"PrincipalSID":"OSCP.EXAM-S-1-5-32-544","PrincipalType":"Group","RightName":"AllExtendedRights","IsInherited":true},{"PrincipalSID":"OSCP.EXAM-S-1-5-32-544","PrincipalType":"Group","RightName":"GenericWrite","IsInherited":true}],"ObjectIdentifier":"S-1-5-21-2610934713-1581164095-2706428072-1624","IsDeleted":false,"IsACLProtected":false},{"Properties":{"domain":"OSCP.EXAM","name":"JANICE.TURNER@OSCP.EXAM","distinguishedname":"CN=JANICE TURNER,OU=MARKETING,DC=OSCP,DC=EXAM","domainsid":"S-1-5-21-2610934713-1581164095-2706428072","highvalue":false,"samaccountname":"Janice.Turner","description":null,"whencreated":1649132590,"sensitive":false,"dontreqpreauth":false,"passwordnotreqd":true,"unconstraineddelegation":false,"pwdneverexpires":true,"enabled":true,"trustedtoauth":false,"lastlogon":0,"lastlogontimestamp":-1,"pwdlastset":1649157790,"serviceprincipalnames":[],"hasspn":false,"displayname":"Janice Turner","email":null,"title":null,"homedirectory":null,"userpassword":null,"unixpassword":null,"unicodepassword":null,"sfupassword":null,"logonscript":null,"admincount":false,"sidhistory":[]},"AllowedToDelegate":[],"PrimaryGroupSID":"S-1-5-21-2610934713-1581164095-2706428072-513","HasSIDHistory":[],"SPNTargets":[],"Aces":[{"PrincipalSID":"S-1-5-21-2610934713-1581164095-2706428072-512","PrincipalType":"Group","RightName":"Owns","IsInherited":false},{"PrincipalSID":"OSCP.EXAM-S-1-5-32-548","PrincipalType":"Group","RightName":"GenericAll","IsInherited":false},{"PrincipalSID":"S-1-5-21-2610934713-1581164095-2706428072-512","PrincipalType":"Group","RightName":"GenericAll","IsInherited":false},{"PrincipalSID":"S-1-5-21-2610934713-1581164095-2706428072-526","PrincipalType":"Group","RightName":"AddKeyCredentialLink","IsInherited":true},{"PrincipalSID":"S-1-5-21-2610934713-1581164095-2706428072-527","PrincipalType":"Group","RightName":"AddKeyCredentialLink","IsInherited":true},{"PrincipalSID":"S-1-5-21-2610934713-1581164095-2706428072-519","PrincipalType":"Group","RightName":"GenericAll","IsInherited":true},{"PrincipalSID":"OSCP.EXAM-S-1-5-32-544","PrincipalType":"Group","RightName":"WriteDacl","IsInherited":true},{"PrincipalSID":"OSCP.EXAM-S-1-5-32-544","PrincipalType":"Group","RightName":"WriteOwner","IsInherited":true},{"PrincipalSID":"OSCP.EXAM-S-1-5-32-544","PrincipalType":"Group","RightName":"AllExtendedRights","IsInherited":true},{"PrincipalSID":"OSCP.EXAM-S-1-5-32-544","PrincipalType":"Group","RightName":"GenericWrite","IsInherited":true}],"ObjectIdentifier":"S-1-5-21-2610934713-1581164095-2706428072-1625","IsDeleted":false,"IsACLProtected":false},{"Properties":{"domain":"OSCP.EXAM","name":"SQL_SVC@OSCP.EXAM","distinguishedname":"CN=SQL_SVC,CN=USERS,DC=OSCP,DC=EXAM","domainsid":"S-1-5-21-2610934713-1581164095-2706428072","highvalue":false,"samaccountname":"sql_svc","description":null,"whencreated":1668038598,"sensitive":false,"dontreqpreauth":false,"passwordnotreqd":false,"unconstraineddelegation":false,"pwdneverexpires":true,"enabled":true,"trustedtoauth":false,"lastlogon":1668078951,"lastlogontimestamp":1668078951,"pwdlastset":1670248184,"serviceprincipalnames":["MSSQL/MS02.oscp.exam"],"hasspn":true,"displayname":"sql_svc","email":null,"title":null,"homedirectory":null,"userpassword":null,"unixpassword":null,"unicodepassword":null,"sfupassword":null,"logonscript":null,"admincount":false,"sidhistory":[]},"AllowedToDelegate":[],"PrimaryGroupSID":"S-1-5-21-2610934713-1581164095-2706428072-513","HasSIDHistory":[],"SPNTargets":[],"Aces":[{"PrincipalSID":"S-1-5-21-2610934713-1581164095-2706428072-512","PrincipalType":"Group","RightName":"Owns","IsInherited":false},{"PrincipalSID":"OSCP.EXAM-S-1-5-32-548","PrincipalType":"Group","RightName":"GenericAll","IsInherited":false},{"PrincipalSID":"S-1-5-21-2610934713-1581164095-2706428072-512","PrincipalType":"Group","RightName":"GenericAll","IsInherited":false},{"PrincipalSID":"S-1-5-21-2610934713-1581164095-2706428072-526","PrincipalType":"Group","RightName":"AddKeyCredentialLink","IsInherited":true},{"PrincipalSID":"S-1-5-21-2610934713-1581164095-2706428072-527","PrincipalType":"Group","RightName":"AddKeyCredentialLink","IsInherited":true},{"PrincipalSID":"S-1-5-21-2610934713-1581164095-2706428072-519","PrincipalType":"Group","RightName":"GenericAll","IsInherited":true},{"PrincipalSID":"OSCP.EXAM-S-1-5-32-544","PrincipalType":"Group","RightName":"WriteDacl","IsInherited":true},{"PrincipalSID":"OSCP.EXAM-S-1-5-32-544","PrincipalType":"Group","RightName":"WriteOwner","IsInherited":true},{"PrincipalSID":"OSCP.EXAM-S-1-5-32-544","PrincipalType":"Group","RightName":"AllExtendedRights","IsInherited":true},{"PrincipalSID":"OSCP.EXAM-S-1-5-32-544","PrincipalType":"Group","RightName":"GenericWrite","IsInherited":true}],"ObjectIdentifier":"S-1-5-21-2610934713-1581164095-2706428072-2601","IsDeleted":false,"IsACLProtected":false},{"Properties":{"domain":"OSCP.EXAM","name":"JOHN.DORIAN@OSCP.EXAM","distinguishedname":"CN=JOHN DORIAN,OU=IT,DC=OSCP,DC=EXAM","domainsid":"S-1-5-21-2610934713-1581164095-2706428072","highvalue":false,"samaccountname":"john.dorian","description":null,"whencreated":1668038858,"sensitive":false,"dontreqpreauth":false,"passwordnotreqd":false,"unconstraineddelegation":false,"pwdneverexpires":true,"enabled":true,"trustedtoauth":false,"lastlogon":0,"lastlogontimestamp":-1,"pwdlastset":1668067658,"serviceprincipalnames":[],"hasspn":false,"displayname":"John Dorian","email":null,"title":null,"homedirectory":null,"userpassword":null,"unixpassword":null,"unicodepassword":null,"sfupassword":null,"logonscript":null,"admincount":false,"sidhistory":[]},"AllowedToDelegate":[],"PrimaryGroupSID":"S-1-5-21-2610934713-1581164095-2706428072-513","HasSIDHistory":[],"SPNTargets":[],"Aces":[{"PrincipalSID":"S-1-5-21-2610934713-1581164095-2706428072-512","PrincipalType":"Group","RightName":"Owns","IsInherited":false},{"PrincipalSID":"OSCP.EXAM-S-1-5-32-548","PrincipalType":"Group","RightName":"GenericAll","IsInherited":false},{"PrincipalSID":"S-1-5-21-2610934713-1581164095-2706428072-512","PrincipalType":"Group","RightName":"GenericAll","IsInherited":false},{"PrincipalSID":"S-1-5-21-2610934713-1581164095-2706428072-526","PrincipalType":"Group","RightName":"AddKeyCredentialLink","IsInherited":true},{"PrincipalSID":"S-1-5-21-2610934713-1581164095-2706428072-527","PrincipalType":"Group","RightName":"AddKeyCredentialLink","IsInherited":true},{"PrincipalSID":"S-1-5-21-2610934713-1581164095-2706428072-519","PrincipalType":"Group","RightName":"GenericAll","IsInherited":true},{"PrincipalSID":"OSCP.EXAM-S-1-5-32-544","PrincipalType":"Group","RightName":"WriteDacl","IsInherited":true},{"PrincipalSID":"OSCP.EXAM-S-1-5-32-544","PrincipalType":"Group","RightName":"WriteOwner","IsInherited":true},{"PrincipalSID":"OSCP.EXAM-S-1-5-32-544","PrincipalType":"Group","RightName":"AllExtendedRights","IsInherited":true},{"PrincipalSID":"OSCP.EXAM-S-1-5-32-544","PrincipalType":"Group","RightName":"GenericWrite","IsInherited":true}],"ObjectIdentifier":"S-1-5-21-2610934713-1581164095-2706428072-2602","IsDeleted":false,"IsACLProtected":false},{"Properties":{"domain":"OSCP.EXAM","name":"WEB_SVC@OSCP.EXAM","distinguishedname":"CN=WEB_SVC,CN=USERS,DC=OSCP,DC=EXAM","domainsid":"S-1-5-21-2610934713-1581164095-2706428072","highvalue":false,"samaccountname":"web_svc","description":null,"whencreated":1668052250,"sensitive":false,"dontreqpreauth":false,"passwordnotreqd":false,"unconstraineddelegation":false,"pwdneverexpires":true,"enabled":true,"trustedtoauth":false,"lastlogon":1668436187,"lastlogontimestamp":1668150697,"pwdlastset":1668150679,"serviceprincipalnames":["HTTP/MS01.oscp.exam"],"hasspn":true,"displayname":"web_svc","email":null,"title":null,"homedirectory":null,"userpassword":null,"unixpassword":null,"unicodepassword":null,"sfupassword":null,"logonscript":null,"admincount":false,"sidhistory":[]},"AllowedToDelegate":[],"PrimaryGroupSID":"S-1-5-21-2610934713-1581164095-2706428072-513","HasSIDHistory":[],"SPNTargets":[],"Aces":[{"PrincipalSID":"S-1-5-21-2610934713-1581164095-2706428072-512","PrincipalType":"Group","RightName":"Owns","IsInherited":false},{"PrincipalSID":"OSCP.EXAM-S-1-5-32-548","PrincipalType":"Group","RightName":"GenericAll","IsInherited":false},{"PrincipalSID":"S-1-5-21-2610934713-1581164095-2706428072-512","PrincipalType":"Group","RightName":"GenericAll","IsInherited":false},{"PrincipalSID":"S-1-5-21-2610934713-1581164095-2706428072-526","PrincipalType":"Group","RightName":"AddKeyCredentialLink","IsInherited":true},{"PrincipalSID":"S-1-5-21-2610934713-1581164095-2706428072-527","PrincipalType":"Group","RightName":"AddKeyCredentialLink","IsInherited":true},{"PrincipalSID":"S-1-5-21-2610934713-1581164095-2706428072-519","PrincipalType":"Group","RightName":"GenericAll","IsInherited":true},{"PrincipalSID":"OSCP.EXAM-S-1-5-32-544","PrincipalType":"Group","RightName":"WriteDacl","IsInherited":true},{"PrincipalSID":"OSCP.EXAM-S-1-5-32-544","PrincipalType":"Group","RightName":"WriteOwner","IsInherited":true},{"PrincipalSID":"OSCP.EXAM-S-1-5-32-544","PrincipalType":"Group","RightName":"AllExtendedRights","IsInherited":true},{"PrincipalSID":"OSCP.EXAM-S-1-5-32-544","PrincipalType":"Group","RightName":"GenericWrite","IsInherited":true}],"ObjectIdentifier":"S-1-5-21-2610934713-1581164095-2706428072-2606","IsDeleted":false,"IsACLProtected":false},{"Properties":{"domain":"OSCP.EXAM","name":"GUEST@OSCP.EXAM","distinguishedname":"CN=GUEST,CN=USERS,DC=OSCP,DC=EXAM","domainsid":"S-1-5-21-2610934713-1581164095-2706428072","highvalue":false,"samaccountname":"Guest","description":"Built-in account for guest access to the computer/domain","whencreated":1648194193,"sensitive":false,"dontreqpreauth":false,"passwordnotreqd":true,"unconstraineddelegation":false,"pwdneverexpires":true,"enabled":false,"trustedtoauth":false,"lastlogon":0,"lastlogontimestamp":-1,"pwdlastset":0,"serviceprincipalnames":[],"hasspn":false,"displayname":null,"email":null,"title":null,"homedirectory":null,"userpassword":null,"unixpassword":null,"unicodepassword":null,"sfupassword":null,"logonscript":null,"admincount":false,"sidhistory":[]},"AllowedToDelegate":[],"PrimaryGroupSID":"S-1-5-21-2610934713-1581164095-2706428072-514","HasSIDHistory":[],"SPNTargets":[],"Aces":[{"PrincipalSID":"OSCP.EXAM-S-1-5-32-544","PrincipalType":"Group","RightName":"Owns","IsInherited":false},{"PrincipalSID":"OSCP.EXAM-S-1-5-32-548","PrincipalType":"Group","RightName":"GenericAll","IsInherited":false},{"PrincipalSID":"S-1-5-21-2610934713-1581164095-2706428072-512","PrincipalType":"Group","RightName":"GenericAll","IsInherited":false},{"PrincipalSID":"S-1-5-21-2610934713-1581164095-2706428072-526","PrincipalType":"Group","RightName":"AddKeyCredentialLink","IsInherited":true},{"PrincipalSID":"S-1-5-21-2610934713-1581164095-2706428072-527","PrincipalType":"Group","RightName":"AddKeyCredentialLink","IsInherited":true},{"PrincipalSID":"S-1-5-21-2610934713-1581164095-2706428072-519","PrincipalType":"Group","RightName":"GenericAll","IsInherited":true},{"PrincipalSID":"OSCP.EXAM-S-1-5-32-544","PrincipalType":"Group","RightName":"WriteDacl","IsInherited":true},{"PrincipalSID":"OSCP.EXAM-S-1-5-32-544","PrincipalType":"Group","RightName":"WriteOwner","IsInherited":true},{"PrincipalSID":"OSCP.EXAM-S-1-5-32-544","PrincipalType":"Group","RightName":"AllExtendedRights","IsInherited":true},{"PrincipalSID":"OSCP.EXAM-S-1-5-32-544","PrincipalType":"Group","RightName":"GenericWrite","IsInherited":true}],"ObjectIdentifier":"S-1-5-21-2610934713-1581164095-2706428072-501","IsDeleted":false,"IsACLProtected":false},{"Properties":{"domain":"OSCP.EXAM","name":"TOM_ADMIN@OSCP.EXAM","distinguishedname":"CN=TOM ADMIN,CN=USERS,DC=OSCP,DC=EXAM","domainsid":"S-1-5-21-2610934713-1581164095-2706428072","highvalue":false,"samaccountname":"tom_admin","description":null,"whencreated":1648809056,"sensitive":false,"dontreqpreauth":false,"passwordnotreqd":false,"unconstraineddelegation":false,"pwdneverexpires":true,"enabled":true,"trustedtoauth":false,"lastlogon":0,"lastlogontimestamp":-1,"pwdlastset":1648834256,"serviceprincipalnames":[],"hasspn":false,"displayname":"Tom Admin","email":null,"title":null,"homedirectory":null,"userpassword":null,"unixpassword":null,"unicodepassword":null,"sfupassword":null,"logonscript":null,"admincount":true,"sidhistory":[]},"AllowedToDelegate":[],"PrimaryGroupSID":"S-1-5-21-2610934713-1581164095-2706428072-513","HasSIDHistory":[],"SPNTargets":[],"Aces":[{"PrincipalSID":"S-1-5-21-2610934713-1581164095-2706428072-512","PrincipalType":"Group","RightName":"Owns","IsInherited":false},{"PrincipalSID":"OSCP.EXAM-S-1-5-32-544","PrincipalType":"Group","RightName":"WriteDacl","IsInherited":false},{"PrincipalSID":"OSCP.EXAM-S-1-5-32-544","PrincipalType":"Group","RightName":"WriteOwner","IsInherited":false},{"PrincipalSID":"OSCP.EXAM-S-1-5-32-544","PrincipalType":"Group","RightName":"AllExtendedRights","IsInherited":false},{"PrincipalSID":"OSCP.EXAM-S-1-5-32-544","PrincipalType":"Group","RightName":"GenericWrite","IsInherited":false},{"PrincipalSID":"S-1-5-21-2610934713-1581164095-2706428072-512","PrincipalType":"Group","RightName":"WriteDacl","IsInherited":false},{"PrincipalSID":"S-1-5-21-2610934713-1581164095-2706428072-512","PrincipalType":"Group","RightName":"WriteOwner","IsInherited":false},{"PrincipalSID":"S-1-5-21-2610934713-1581164095-2706428072-512","PrincipalType":"Group","RightName":"AllExtendedRights","IsInherited":false},{"PrincipalSID":"S-1-5-21-2610934713-1581164095-2706428072-512","PrincipalType":"Group","RightName":"GenericWrite","IsInherited":false},{"PrincipalSID":"S-1-5-21-2610934713-1581164095-2706428072-519","PrincipalType":"Group","RightName":"WriteDacl","IsInherited":false},{"PrincipalSID":"S-1-5-21-2610934713-1581164095-2706428072-519","PrincipalType":"Group","RightName":"WriteOwner","IsInherited":false},{"PrincipalSID":"S-1-5-21-2610934713-1581164095-2706428072-519","PrincipalType":"Group","RightName":"AllExtendedRights","IsInherited":false},{"PrincipalSID":"S-1-5-21-2610934713-1581164095-2706428072-519","PrincipalType":"Group","RightName":"GenericWrite","IsInherited":false}],"ObjectIdentifier":"S-1-5-21-2610934713-1581164095-2706428072-1108","IsDeleted":false,"IsACLProtected":true},{"Properties":{"domain":"OSCP.EXAM","name":"ADMINISTRATOR@OSCP.EXAM","distinguishedname":"CN=ADMINISTRATOR,CN=USERS,DC=OSCP,DC=EXAM","domainsid":"S-1-5-21-2610934713-1581164095-2706428072","highvalue":false,"samaccountname":"Administrator","description":"Built-in account for administering the computer/domain","whencreated":1648194193,"sensitive":false,"dontreqpreauth":false,"passwordnotreqd":false,"unconstraineddelegation":false,"pwdneverexpires":true,"enabled":true,"trustedtoauth":false,"lastlogon":1691567427,"lastlogontimestamp":1691567319,"pwdlastset":1648214014,"serviceprincipalnames":[],"hasspn":false,"displayname":null,"email":null,"title":null,"homedirectory":null,"userpassword":null,"unixpassword":null,"unicodepassword":null,"sfupassword":null,"logonscript":null,"admincount":true,"sidhistory":[]},"AllowedToDelegate":[],"PrimaryGroupSID":"S-1-5-21-2610934713-1581164095-2706428072-513","HasSIDHistory":[],"SPNTargets":[],"Aces":[{"PrincipalSID":"S-1-5-21-2610934713-1581164095-2706428072-512","PrincipalType":"Group","RightName":"Owns","IsInherited":false},{"PrincipalSID":"OSCP.EXAM-S-1-5-32-544","PrincipalType":"Group","RightName":"WriteDacl","IsInherited":false},{"PrincipalSID":"OSCP.EXAM-S-1-5-32-544","PrincipalType":"Group","RightName":"WriteOwner","IsInherited":false},{"PrincipalSID":"OSCP.EXAM-S-1-5-32-544","PrincipalType":"Group","RightName":"AllExtendedRights","IsInherited":false},{"PrincipalSID":"OSCP.EXAM-S-1-5-32-544","PrincipalType":"Group","RightName":"GenericWrite","IsInherited":false},{"PrincipalSID":"S-1-5-21-2610934713-1581164095-2706428072-512","PrincipalType":"Group","RightName":"WriteDacl","IsInherited":false},{"PrincipalSID":"S-1-5-21-2610934713-1581164095-2706428072-512","PrincipalType":"Group","RightName":"WriteOwner","IsInherited":false},{"PrincipalSID":"S-1-5-21-2610934713-1581164095-2706428072-512","PrincipalType":"Group","RightName":"AllExtendedRights","IsInherited":false},{"PrincipalSID":"S-1-5-21-2610934713-1581164095-2706428072-512","PrincipalType":"Group","RightName":"GenericWrite","IsInherited":false},{"PrincipalSID":"S-1-5-21-2610934713-1581164095-2706428072-519","PrincipalType":"Group","RightName":"WriteDacl","IsInherited":false},{"PrincipalSID":"S-1-5-21-2610934713-1581164095-2706428072-519","PrincipalType":"Group","RightName":"WriteOwner","IsInherited":false},{"PrincipalSID":"S-1-5-21-2610934713-1581164095-2706428072-519","PrincipalType":"Group","RightName":"AllExtendedRights","IsInherited":false},{"PrincipalSID":"S-1-5-21-2610934713-1581164095-2706428072-519","PrincipalType":"Group","RightName":"GenericWrite","IsInherited":false}],"ObjectIdentifier":"S-1-5-21-2610934713-1581164095-2706428072-500","IsDeleted":false,"IsACLProtected":true},{"Properties":{"domain":"OSCP.EXAM","name":"TOM.KINNEY@OSCP.EXAM","distinguishedname":"CN=TOM KINNEY,CN=USERS,DC=OSCP,DC=EXAM","domainsid":"S-1-5-21-2610934713-1581164095-2706428072","highvalue":false,"samaccountname":"tom.kinney","description":null,"whencreated":1648808887,"sensitive":false,"dontreqpreauth":false,"passwordnotreqd":false,"unconstraineddelegation":false,"pwdneverexpires":true,"enabled":true,"trustedtoauth":false,"lastlogon":0,"lastlogontimestamp":-1,"pwdlastset":1648834087,"serviceprincipalnames":[],"hasspn":false,"displayname":"Tom Kinney","email":null,"title":null,"homedirectory":null,"userpassword":null,"unixpassword":null,"unicodepassword":null,"sfupassword":null,"logonscript":null,"admincount":false,"sidhistory":[]},"AllowedToDelegate":[],"PrimaryGroupSID":"S-1-5-21-2610934713-1581164095-2706428072-513","HasSIDHistory":[],"SPNTargets":[],"Aces":[{"PrincipalSID":"S-1-5-21-2610934713-1581164095-2706428072-512","PrincipalType":"Group","RightName":"Owns","IsInherited":false},{"PrincipalSID":"OSCP.EXAM-S-1-5-32-548","PrincipalType":"Group","RightName":"GenericAll","IsInherited":false},{"PrincipalSID":"S-1-5-21-2610934713-1581164095-2706428072-512","PrincipalType":"Group","RightName":"GenericAll","IsInherited":false},{"PrincipalSID":"S-1-5-21-2610934713-1581164095-2706428072-526","PrincipalType":"Group","RightName":"AddKeyCredentialLink","IsInherited":true},{"PrincipalSID":"S-1-5-21-2610934713-1581164095-2706428072-527","PrincipalType":"Group","RightName":"AddKeyCredentialLink","IsInherited":true},{"PrincipalSID":"S-1-5-21-2610934713-1581164095-2706428072-519","PrincipalType":"Group","RightName":"GenericAll","IsInherited":true},{"PrincipalSID":"OSCP.EXAM-S-1-5-32-544","PrincipalType":"Group","RightName":"WriteDacl","IsInherited":true},{"PrincipalSID":"OSCP.EXAM-S-1-5-32-544","PrincipalType":"Group","RightName":"WriteOwner","IsInherited":true},{"PrincipalSID":"OSCP.EXAM-S-1-5-32-544","PrincipalType":"Group","RightName":"AllExtendedRights","IsInherited":true},{"PrincipalSID":"OSCP.EXAM-S-1-5-32-544","PrincipalType":"Group","RightName":"GenericWrite","IsInherited":true}],"ObjectIdentifier":"S-1-5-21-2610934713-1581164095-2706428072-1106","IsDeleted":false,"IsACLProtected":false},{"Properties":{"domain":"OSCP.EXAM","name":"CELIA.ALMEDA@OSCP.EXAM","distinguishedname":"CN=CELIA ALMEDA,CN=USERS,DC=OSCP,DC=EXAM","domainsid":"S-1-5-21-2610934713-1581164095-2706428072","highvalue":false,"samaccountname":"celia.almeda","description":null,"whencreated":1648805103,"sensitive":false,"dontreqpreauth":false,"passwordnotreqd":false,"unconstraineddelegation":false,"pwdneverexpires":true,"enabled":true,"trustedtoauth":false,"lastlogon":1691567410,"lastlogontimestamp":1691567410,"pwdlastset":1648830303,"serviceprincipalnames":[],"hasspn":false,"displayname":"Celia Almeda","email":null,"title":null,"homedirectory":null,"userpassword":null,"unixpassword":null,"unicodepassword":null,"sfupassword":null,"logonscript":null,"admincount":false,"sidhistory":[]},"AllowedToDelegate":[],"PrimaryGroupSID":"S-1-5-21-2610934713-1581164095-2706428072-513","HasSIDHistory":[],"SPNTargets":[],"Aces":[{"PrincipalSID":"S-1-5-21-2610934713-1581164095-2706428072-512","PrincipalType":"Group","RightName":"Owns","IsInherited":false},{"PrincipalSID":"OSCP.EXAM-S-1-5-32-548","PrincipalType":"Group","RightName":"GenericAll","IsInherited":false},{"PrincipalSID":"S-1-5-21-2610934713-1581164095-2706428072-512","PrincipalType":"Group","RightName":"GenericAll","IsInherited":false},{"PrincipalSID":"S-1-5-21-2610934713-1581164095-2706428072-526","PrincipalType":"Group","RightName":"AddKeyCredentialLink","IsInherited":true},{"PrincipalSID":"S-1-5-21-2610934713-1581164095-2706428072-527","PrincipalType":"Group","RightName":"AddKeyCredentialLink","IsInherited":true},{"PrincipalSID":"S-1-5-21-2610934713-1581164095-2706428072-519","PrincipalType":"Group","RightName":"GenericAll","IsInherited":true},{"PrincipalSID":"OSCP.EXAM-S-1-5-32-544","PrincipalType":"Group","RightName":"WriteDacl","IsInherited":true},{"PrincipalSID":"OSCP.EXAM-S-1-5-32-544","PrincipalType":"Group","RightName":"WriteOwner","IsInherited":true},{"PrincipalSID":"OSCP.EXAM-S-1-5-32-544","PrincipalType":"Group","RightName":"AllExtendedRights","IsInherited":true},{"PrincipalSID":"OSCP.EXAM-S-1-5-32-544","PrincipalType":"Group","RightName":"GenericWrite","IsInherited":true}],"ObjectIdentifier":"S-1-5-21-2610934713-1581164095-2706428072-1105","IsDeleted":false,"IsACLProtected":false},{"Properties":{"name":"NT AUTHORITY@OSCP.EXAM","domainsid":"S-1-5-21-2610934713-1581164095-2706428072","domain":"OSCP.EXAM"},"AllowedToDelegate":[],"PrimaryGroupSID":null,"HasSIDHistory":[],"SPNTargets":[],"Aces":[],"ObjectIdentifier":"OSCP.EXAM-S-1-5-20","IsDeleted":false,"IsACLProtected":false}],"meta":{"methods":29695,"type":"users","count":30,"version":5}}