﻿{"data":[{"GPOChanges":{"LocalAdmins":[],"RemoteDesktopUsers":[],"DcomUsers":[],"PSRemoteUsers":[],"AffectedComputers":[]},"Properties":{"domain":"OSCP.EXAM","name":"ADMIN@OSCP.EXAM","distinguishedname":"OU=ADMIN,DC=OSCP,DC=EXAM","domainsid":"S-1-5-21-2610934713-1581164095-2706428072","highvalue":false,"description":null,"whencreated":1649132557,"blocksinheritance":false},"Links":[],"ChildObjects":[{"ObjectIdentifier":"S-1-5-21-2610934713-1581164095-2706428072-1604","ObjectType":"User"},{"ObjectIdentifier":"S-1-5-21-2610934713-1581164095-2706428072-1606","ObjectType":"User"},{"ObjectIdentifier":"S-1-5-21-2610934713-1581164095-2706428072-1602","ObjectType":"User"},{"ObjectIdentifier":"S-1-5-21-2610934713-1581164095-2706428072-1605","ObjectType":"User"},{"ObjectIdentifier":"S-1-5-21-2610934713-1581164095-2706428072-1603","ObjectType":"User"}],"Aces":[{"PrincipalSID":"S-1-5-21-2610934713-1581164095-2706428072-512","PrincipalType":"Group","RightName":"Owns","IsInherited":false},{"PrincipalSID":"S-1-5-21-2610934713-1581164095-2706428072-512","PrincipalType":"Group","RightName":"GenericAll","IsInherited":false},{"PrincipalSID":"S-1-5-21-2610934713-1581164095-2706428072-519","PrincipalType":"Group","RightName":"GenericAll","IsInherited":true},{"PrincipalSID":"OSCP.EXAM-S-1-5-32-544","PrincipalType":"Group","RightName":"WriteDacl","IsInherited":true},{"PrincipalSID":"OSCP.EXAM-S-1-5-32-544","PrincipalType":"Group","RightName":"WriteOwner","IsInherited":true}],"ObjectIdentifier":"35996D22-28CE-416F-8823-A1E8F411087F","IsDeleted":false,"IsACLProtected":false},{"GPOChanges":{"LocalAdmins":[],"RemoteDesktopUsers":[],"DcomUsers":[],"PSRemoteUsers":[],"AffectedComputers":[]},"Properties":{"domain":"OSCP.EXAM","name":"FINANCE@OSCP.EXAM","distinguishedname":"OU=FINANCE,DC=OSCP,DC=EXAM","domainsid":"S-1-5-21-2610934713-1581164095-2706428072","highvalue":false,"description":null,"whencreated":1649132568,"blocksinheritance":false},"Links":[],"ChildObjects":[{"ObjectIdentifier":"S-1-5-21-2610934713-1581164095-2706428072-1609","ObjectType":"User"},{"ObjectIdentifier":"S-1-5-21-2610934713-1581164095-2706428072-1611","ObjectType":"User"},{"ObjectIdentifier":"S-1-5-21-2610934713-1581164095-2706428072-1608","ObjectType":"User"},{"ObjectIdentifier":"S-1-5-21-2610934713-1581164095-2706428072-1610","ObjectType":"User"},{"ObjectIdentifier":"S-1-5-21-2610934713-1581164095-2706428072-1612","ObjectType":"User"}],"Aces":[{"PrincipalSID":"S-1-5-21-2610934713-1581164095-2706428072-512","PrincipalType":"Group","RightName":"Owns","IsInherited":false},{"PrincipalSID":"S-1-5-21-2610934713-1581164095-2706428072-512","PrincipalType":"Group","RightName":"GenericAll","IsInherited":false},{"PrincipalSID":"S-1-5-21-2610934713-1581164095-2706428072-519","PrincipalType":"Group","RightName":"GenericAll","IsInherited":true},{"PrincipalSID":"OSCP.EXAM-S-1-5-32-544","PrincipalType":"Group","RightName":"WriteDacl","IsInherited":true},{"PrincipalSID":"OSCP.EXAM-S-1-5-32-544","PrincipalType":"Group","RightName":"WriteOwner","IsInherited":true}],"ObjectIdentifier":"9B8929A3-E05F-4CB4-A4C1-5AECD2A114F1","IsDeleted":false,"IsACLProtected":false},{"GPOChanges":{"LocalAdmins":[],"RemoteDesktopUsers":[],"DcomUsers":[],"PSRemoteUsers":[],"AffectedComputers":[]},"Properties":{"domain":"OSCP.EXAM","name":"HR@OSCP.EXAM","distinguishedname":"OU=HR,DC=OSCP,DC=EXAM","domainsid":"S-1-5-21-2610934713-1581164095-2706428072","highvalue":false,"description":null,"whencreated":1649132576,"blocksinheritance":false},"Links":[],"ChildObjects":[{"ObjectIdentifier":"S-1-5-21-2610934713-1581164095-2706428072-1614","ObjectType":"User"},{"ObjectIdentifier":"S-1-5-21-2610934713-1581164095-2706428072-1615","ObjectType":"User"},{"ObjectIdentifier":"S-1-5-21-2610934713-1581164095-2706428072-1616","ObjectType":"User"}],"Aces":[{"PrincipalSID":"S-1-5-21-2610934713-1581164095-2706428072-512","PrincipalType":"Group","RightName":"Owns","IsInherited":false},{"PrincipalSID":"S-1-5-21-2610934713-1581164095-2706428072-512","PrincipalType":"Group","RightName":"GenericAll","IsInherited":false},{"PrincipalSID":"S-1-5-21-2610934713-1581164095-2706428072-519","PrincipalType":"Group","RightName":"GenericAll","IsInherited":true},{"PrincipalSID":"OSCP.EXAM-S-1-5-32-544","PrincipalType":"Group","RightName":"WriteDacl","IsInherited":true},{"PrincipalSID":"OSCP.EXAM-S-1-5-32-544","PrincipalType":"Group","RightName":"WriteOwner","IsInherited":true}],"ObjectIdentifier":"DA401AA6-A105-42ED-B445-8A721EAB4249","IsDeleted":false,"IsACLProtected":false},{"GPOChanges":{"LocalAdmins":[],"RemoteDesktopUsers":[],"DcomUsers":[],"PSRemoteUsers":[],"AffectedComputers":[]},"Properties":{"domain":"OSCP.EXAM","name":"IT@OSCP.EXAM","distinguishedname":"OU=IT,DC=OSCP,DC=EXAM","domainsid":"S-1-5-21-2610934713-1581164095-2706428072","highvalue":false,"description":null,"whencreated":1649132583,"blocksinheritance":false},"Links":[],"ChildObjects":[{"ObjectIdentifier":"S-1-5-21-2610934713-1581164095-2706428072-1618","ObjectType":"User"},{"ObjectIdentifier":"S-1-5-21-2610934713-1581164095-2706428072-2602","ObjectType":"User"},{"ObjectIdentifier":"S-1-5-21-2610934713-1581164095-2706428072-1619","ObjectType":"User"},{"ObjectIdentifier":"S-1-5-21-2610934713-1581164095-2706428072-1620","ObjectType":"User"}],"Aces":[{"PrincipalSID":"S-1-5-21-2610934713-1581164095-2706428072-512","PrincipalType":"Group","RightName":"Owns","IsInherited":false},{"PrincipalSID":"S-1-5-21-2610934713-1581164095-2706428072-512","PrincipalType":"Group","RightName":"GenericAll","IsInherited":false},{"PrincipalSID":"S-1-5-21-2610934713-1581164095-2706428072-519","PrincipalType":"Group","RightName":"GenericAll","IsInherited":true},{"PrincipalSID":"OSCP.EXAM-S-1-5-32-544","PrincipalType":"Group","RightName":"WriteDacl","IsInherited":true},{"PrincipalSID":"OSCP.EXAM-S-1-5-32-544","PrincipalType":"Group","RightName":"WriteOwner","IsInherited":true}],"ObjectIdentifier":"922D7A86-4541-4A3D-BDFD-6BB5AE653024","IsDeleted":false,"IsACLProtected":false},{"GPOChanges":{"LocalAdmins":[],"RemoteDesktopUsers":[],"DcomUsers":[],"PSRemoteUsers":[],"AffectedComputers":[]},"Properties":{"domain":"OSCP.EXAM","name":"MARKETING@OSCP.EXAM","distinguishedname":"OU=MARKETING,DC=OSCP,DC=EXAM","domainsid":"S-1-5-21-2610934713-1581164095-2706428072","highvalue":false,"description":null,"whencreated":1649132589,"blocksinheritance":false},"Links":[],"ChildObjects":[{"ObjectIdentifier":"S-1-5-21-2610934713-1581164095-2706428072-1623","ObjectType":"User"},{"ObjectIdentifier":"S-1-5-21-2610934713-1581164095-2706428072-1622","ObjectType":"User"},{"ObjectIdentifier":"S-1-5-21-2610934713-1581164095-2706428072-1625","ObjectType":"User"},{"ObjectIdentifier":"S-1-5-21-2610934713-1581164095-2706428072-1624","ObjectType":"User"}],"Aces":[{"PrincipalSID":"S-1-5-21-2610934713-1581164095-2706428072-512","PrincipalType":"Group","RightName":"Owns","IsInherited":false},{"PrincipalSID":"S-1-5-21-2610934713-1581164095-2706428072-512","PrincipalType":"Group","RightName":"GenericAll","IsInherited":false},{"PrincipalSID":"S-1-5-21-2610934713-1581164095-2706428072-519","PrincipalType":"Group","RightName":"GenericAll","IsInherited":true},{"PrincipalSID":"OSCP.EXAM-S-1-5-32-544","PrincipalType":"Group","RightName":"WriteDacl","IsInherited":true},{"PrincipalSID":"OSCP.EXAM-S-1-5-32-544","PrincipalType":"Group","RightName":"WriteOwner","IsInherited":true}],"ObjectIdentifier":"59C64E5C-A0CB-4A56-A660-A3D952FBFF58","IsDeleted":false,"IsACLProtected":false},{"GPOChanges":{"LocalAdmins":[],"RemoteDesktopUsers":[],"DcomUsers":[],"PSRemoteUsers":[],"AffectedComputers":[{"ObjectIdentifier":"S-1-5-21-2610934713-1581164095-2706428072-1000","ObjectType":"Computer"}]},"Properties":{"domain":"OSCP.EXAM","name":"DOMAIN CONTROLLERS@OSCP.EXAM","distinguishedname":"OU=DOMAIN CONTROLLERS,DC=OSCP,DC=EXAM","domainsid":"S-1-5-21-2610934713-1581164095-2706428072","highvalue":false,"description":"Default container for domain controllers","whencreated":1648194193,"blocksinheritance":false},"Links":[{"IsEnforced":false,"GUID":"9D7289CF-D32E-4B83-B152-9475209FBB3F"}],"ChildObjects":[{"ObjectIdentifier":"S-1-5-21-2610934713-1581164095-2706428072-1000","ObjectType":"Computer"}],"Aces":[{"PrincipalSID":"S-1-5-21-2610934713-1581164095-2706428072-512","PrincipalType":"Group","RightName":"Owns","IsInherited":false},{"PrincipalSID":"S-1-5-21-2610934713-1581164095-2706428072-512","PrincipalType":"Group","RightName":"WriteDacl","IsInherited":false},{"PrincipalSID":"S-1-5-21-2610934713-1581164095-2706428072-512","PrincipalType":"Group","RightName":"WriteOwner","IsInherited":false},{"PrincipalSID":"S-1-5-21-2610934713-1581164095-2706428072-519","PrincipalType":"Group","RightName":"GenericAll","IsInherited":true},{"PrincipalSID":"OSCP.EXAM-S-1-5-32-544","PrincipalType":"Group","RightName":"WriteDacl","IsInherited":true},{"PrincipalSID":"OSCP.EXAM-S-1-5-32-544","PrincipalType":"Group","RightName":"WriteOwner","IsInherited":true}],"ObjectIdentifier":"1B412BAA-E7FF-4FAA-AFF3-93A853F46C69","IsDeleted":false,"IsACLProtected":false}],"meta":{"methods":29695,"type":"ous","count":6,"version":5}}